[
    {
        "name": "T-shirt",
        "description": "Ce t-shirt en coton est parfait pour un usage quotidien.",
        "notes": 4.5,
        "commentaires": ["Bonne qualité", "Confortable"],
        "satisfaction": "satisfait"
    },
    {
        "name": "Pantalon",
        "description": "Ce pantalon élégant convient à toutes les occasions.",
        "notes": 3.8,
        "commentaires": ["Coupe ajustée", "Tissu léger"],
        "satisfaction": "mitigé"
    },
    {
        "name": "Chaussures",
        "description": "Ces chaussures légères offrent un grand confort.",
        "notes": 4.2,
        "commentaires": ["Bonne adhérence", "Design moderne"],
        "satisfaction": "satisfait"
    },
    {
        "name": "Sac à dos",
        "description": "Ce sac à dos spacieux est idéal pour les voyages.",
        "notes": 4.0,
        "commentaires": ["Beaucoup de poches", "Résistant"],
        "satisfaction": "satisfait"
    },
    {
        "name": "Montre",
        "description": "Cette montre de luxe ajoute une touche d'élégance à votre poignet.",
        "notes": 4.7,
        "commentaires": ["Magnifique design", "Mouvement précis"],
        "satisfaction": "satisfait"
    },
    {
        "name": "Casquette",
        "description": "Cette casquette vous protège du soleil tout en restant stylée.",
        "notes": 3.2,
        "commentaires": ["Taille trop petite", "Tissu de qualité moyenne"],
        "satisfaction": "insatisfait"
    },
    {
        "name": "Robe",
        "description": "Cette robe est parfaite pour les soirées spéciales.",
        "notes": 4.6,
        "commentaires": ["Élégante et confortable", "Belle finition"],
        "satisfaction": "satisfait"
    },
    {
        "name": "Chemise",
        "description": "Cette chemise en lin est idéale pour les journées chaudes.",
        "notes": 3.9,
        "commentaires": ["Tissu respirant", "Couleurs fades"],
        "satisfaction": "mitigé"
    },
    {
        "name": "Short",
        "description": "Ce short décontracté est idéal pour les activités sportives.",
        "notes": 4.3,
        "commentaires": ["Confortable", "Bonne longueur"],
        "satisfaction": "satisfait"
    },
    {
        "name": "Pull",
        "description": "Ce pull chaud vous garde confortable lors des journées fraîches.",
        "notes": 4.1,
        "commentaires": ["Doux au toucher", "Très chaud"],
        "satisfaction": "mitigé"
    }
]
